id,first_name,last_name,email,gender,address_id
1,Rose,Garcia,rose.garcia@email.com,F,1
2,Lily,Chen,lily.chen@email.com,F,2
3,James,Wilson,james.wilson@email.com,M,3
4,Iris,Johnson,iris.johnson@email.com,F,4
5,Daisy,Martinez,daisy.martinez@email.com,F,5
6,Noah,Anderson,noah.anderson@email.com,M,6
7,Flora,Taylor,flora.taylor@email.com,F,7
8,Marcus,Brown,marcus.brown@email.com,M,8
9,Jasmine,Davis,jasmine.davis@email.com,F,9
10,Owen,Williams,owen.williams@email.com,M,10
11,Violet,Lee,violet.lee@email.com,F,11
12,Sam,Thomas,sam.thomas@email.com,M,12
13,Blossom,White,blossom.white@email.com,F,13
14,Ethan,Harris,ethan.harris@email.com,M,14
15,Poppy,Clark,poppy.clark@email.com,F,15
16,Liam,Lewis,liam.lewis@email.com,M,16
17,Ivy,Robinson,ivy.robinson@email.com,F,17
18,Cole,Walker,cole.walker@email.com,M,18
19,Fern,Hall,fern.hall@email.com,F,19
20,Tyler,Young,tyler.young@email.com,M,20
